<?xml version="1.0" encoding="UTF-8"?>
<modification>
    <name>YooMoney for Opencart 2.0.x - 2.3.x</name>
    <code>yoomoney</code>
    <version>2.1.1</version>
    <author>YooMoney</author>
    <link>https://github.com/yoomoney/cms-opencart3</link>
    <!-- Вставка кнопки в историю заказов-->
    <file path="catalog/controller/account/order.php">
        <operation>
            <search><![CDATA[// History]]></search>
            <add position="before"><![CDATA[
            $prefix = (version_compare(VERSION, '2.3.0', '>=')) ? 'extension/' : '';
            $this->language->load($prefix . 'payment/yoomoney');
            if ($order_info['payment_method'] == $this->language->get('kassa_title') || $order_info['payment_method'] == $this->language->get('p2p_title')) {
               $this->session->data['order_id'] = $this->request->get['order_id'];
               $data['yoomoney'] = $this->load->controller($prefix . "payment/yoomoney");
            }]]></add>
        </operation>
    </file>
    <file path="catalog/view/theme/*/template/account/order_info.tpl">
        <operation>
            <search><![CDATA[</tfoot>]]></search>
            <add position="before"><![CDATA[<?php if (isset($yoomoney)) {?><tr>
            <td colspan="<?php if ($products) {echo "6";} else {echo "5";} ?>">
               <?php echo $yoomoney; ?>
            </td></tr><?php } ?>]]></add>
        </operation>
    </file>
    <!-- загружаем вместе с заказами код способа оплаты -->
    <file path="admin/model/sale/order.php">
        <operation>
            <search regex="true"><![CDATA[/\$query\s=\s\$this->db->query\(\$sql\);\s+return\s\$query->rows;/]]></search>
            <add><![CDATA[
        $query = $this->db->query($sql);

        $result = array();
        $orderIds = array();
        foreach ($query->rows as $record) {
            if (isset($record['payment_code']) && $record['payment_code'] === 'yoomoney') {
                $orderIds[] = $record['order_id'];
            }
            $result[$record['order_id']] = $record;
        }
        if (!empty($orderIds)) {
            $sql = 'SELECT `order_id`, `payment_id`, `status` FROM `' . DB_PREFIX . 'yoomoney_payment` WHERE `order_id` IN (' . implode(',', $orderIds) . ')';
            $recordSet = $this->db->query($sql);
            foreach ($recordSet->rows as $record) {
                $result[$record['order_id']]['yoomoney_payment_id'] = $record['payment_id'];
                $result[$record['order_id']]['yoomoney_payment_status'] = $record['status'];
            }
            $sql = 'SELECT `order_id`, `refund_id`, `status`, `amount` FROM `' . DB_PREFIX . 'yoomoney_refunds` WHERE `order_id` IN (' . implode(',', $orderIds) . ') AND `status` <> \'canceled\'';
            $recordSet = $this->db->query($sql);
            foreach ($recordSet->rows as $record) {
                if (!isset($result[$record['order_id']]['refund_amount'])) {
                    $result[$record['order_id']]['refund_amount'] = 0;
                }
                $result[$record['order_id']]['refund_amount'] += $record['amount'];
            }
        }

        return array_values($result);
            ]]></add>
        </operation>
        <operation>
            <search regex="true"><![CDATA[~o.date_added, o.date_modified FROM~]]></search>
            <add><![CDATA[o.date_added, o.date_modified, o.payment_code, o.email, o.order_status_id FROM]]></add>
        </operation>
    </file>
    <file path="admin/language/{english,russian,en-gb,ru-ru}/sale/order.php">
        <operation>
            <search regex="true"><![CDATA[~(\$_\[\'text_add\'\])~]]></search>
            <add><![CDATA[
                $_['button_invoice_kassa'] = 'Выставление счета';
                $_['text_add']
            ]]></add>
        </operation>
    </file>
    <file path="system/library/mail.php">
        <operation>
            <search><![CDATA[basename(urlencode($attachment))]]></search>
            <add><![CDATA[urlencode(basename($attachment))]]></add>
        </operation>
    </file>
    <!-- -->
    <file path="admin/controller/sale/order.php">
        <operation>
            <search><![CDATA[$results = $this->model_sale_order->getOrders($filter_data);]]></search>
            <add position="after">
                $prefix = (version_compare(VERSION, '2.3.0', '>=')) ? 'extension/' : '';
            </add>
        </operation>
        <operation>
            <search><![CDATA['shipping_code' => $result['shipping_code'],]]></search>
            <add position="after"><![CDATA[
                'payment_code'   => $this->config->get('yoomoney_kassa_enabled') && $this->config->get('yoomoney_kassa_invoice') && isset($result['payment_code']) ? $result['payment_code'] : '',
                'payment_status' => (isset($result['yoomoney_payment_status']) ? $result['yoomoney_payment_status'] : ''),
                'email'          => (isset($result['email']) && $this->config->get('yoomoney_kassa_enabled')) ? $result['email'] : '',
                'refund_amount'  => (isset($result['refund_amount']) ? $result['refund_amount'] : ''),
                'refund_url'     => (isset($result['payment_code']) && $result['payment_code'] == 'yoomoney') ? $this->url->link($prefix . 'payment/yoomoney/refund', 'order_id='.$result['order_id'].'&token='.$this->session->data['token'], true) : '',
                'capture_url'    => (isset($result['payment_code']) && $result['payment_code'] == 'yoomoney') ? $this->url->link($prefix . 'payment/yoomoney/capture', 'order_id='.$result['order_id'].'&token='.$this->session->data['token'], true) : '',
            ]]></add>
        </operation>
        <operation>
            <search><![CDATA[$data['button_add'] = $this->language->get('button_add');]]></search>
            <add position="after"><![CDATA[
                $data['yoomoney_kassa_enabled'] = $this->config->get('yoomoney_kassa_enabled');
                if ($this->config->get('yoomoney_kassa_enabled')) {
                    $data['button_invoice_kassa'] = $this->language->get('button_invoice_kassa');
                    $data['store_url'] = $this->request->server['HTTPS'] ? HTTPS_CATALOG : HTTP_CATALOG;
                    $data['prefix'] = $prefix;
                }
            ]]></add>
        </operation>
    </file>
    <file path="admin/view/template/sale/order_list.tpl">
        <operation>
            <search regex="true"><![CDATA[~(\<\/i\>\<\/)(button|a)(\>)(\<\/td\>)~]]></search>
            <add><![CDATA[$1$2$3
                <?php if (isset($order['payment_code']) && $order['payment_code'] == 'yoomoney') : ?>
                <a href="javascript://" data-toggle="tooltip" title="Отправить счёт на e-mail" class="btn btn-success invoice-button"
                    data-order_id="<?php echo $order['order_id']; ?>" data-customer="<?php echo $order['customer']; ?>" data-email="<?php echo $order['email']; ?>">
                    <i class="fa fa-envelope"></i>
                </a>
                <?php endif; ?>
                <?php if (isset($order['payment_status']) && $order['payment_status'] === 'succeeded') : ?>
                <a href="<?php echo $order['refund_url']; ?>" data-toggle="tooltip" title="Возвраты" class="btn btn-success">
                    <i class="fa fa-repeat"></i>
                </a>
                <?php endif; ?>
                <?php if (isset($order['payment_status']) && $order['payment_status'] === 'waiting_for_capture') : ?>
                <a href="<?php echo $order['capture_url']; ?>" data-toggle="tooltip" title="Подтверждение платежа" class="btn btn-success">
                    <i class="fa fa-check"></i>
                </a>
                <?php endif; ?>$4]]></add>
        </operation>
        <operation>
            <search><![CDATA[$('input[name^=\'selected\']:first').trigger('change');]]></search>
            <add position="after"><![CDATA[//
            <?php if($yoomoney_kassa_enabled):?>
            jQuery('.invoice-button').click(function(e) {
                var node = this;
                var text = 'Вы действительно хотите отправить счёт пользователю ' + node.dataset.customer + ' на адрес ' + node.dataset.email + '?';
                if (confirm(text)) {
                    jQuery.ajax({
                        url: '<?php echo $store_url; ?>admin/index.php?route=<?php echo $prefix;?>payment/yoomoney/sendmail&token=<?php echo $token; ?>&order_id=' + node.dataset.order_id,
                        dataType: 'json',
                        crossDomain: true,
                        beforeSend: function() {
                            jQuery(node).button('loading');
                        },
                        complete: function() {
                            jQuery(node).button('reset');
                        },
                        success: function(json_main) {
                            jQuery('.alert').remove();
                            if (json_main['error']) {
                                $('#content > .container-fluid').prepend('<div class="alert alert-danger"><i class="fa fa-exclamation-circle"></i> ' + json_main['error'] + ' <button type="button" class="close" data-dismiss="alert">&times;</button></div>');
                            }
                            if (json_main['success']) {
                                $('#content > .container-fluid').prepend('<div class="alert alert-success"><i class="fa fa-check-circle"></i> ' + json_main['success'] + ' <button type="button" class="close" data-dismiss="alert">&times;</button></div>');
                                var token = '';
                                $.ajax({
                                    url: '<?php echo $store_url; ?>index.php?route=api/login',
                                    type: 'post',
                                    data: 'key=<?php echo empty($api_key)?'':$api_key; ?>',
                                    dataType: 'json',
                                    crossDomain: true,
                                    success: function(json) {
                                        if (json['error']) {
                                            if (json['error']['key']) {
                                                $('#content > .container-fluid').prepend('<div class="alert alert-danger"><i class="fa fa-exclamation-circle"></i> ' + json['error']['key'] + ' <button type="button" class="close" data-dismiss="alert">&times;</button></div>');
                                            }
                                            if (json['error']['ip']) {
                                                $('#content > .container-fluid').prepend('<div class="alert alert-danger"><i class="fa fa-exclamation-circle"></i> ' + json['error']['ip'] + ' <button type="button" id="button-ip-add" data-loading-text="<?php echo $text_loading; ?>" class="btn btn-danger btn-xs pull-right"><i class="fa fa-plus"></i> <?php echo $button_ip_add; ?></button></div>');
                                            }
                                        }
                                        if (json['token']) {
                                            token = json['token'];
                                            $.ajax({
                                                url: '<?php echo $store_url; ?>index.php?route=api/order/history&token='+ token +'&order_id=' + $(node).val(),
                                                type: 'post',
                                                data: 'order_status_id=1&notify=0&override=0&append=0&comment='+json_main['success'],
                                                dataType: 'json',
                                                error: function(xhr, ajaxOptions, thrownError) {
                                                    alert(thrownError + " " + xhr.statusText + " " + xhr.responseText);
                                                }
                                            });
                                        }
                                    },
                                    error: function(xhr, ajaxOptions, thrownError) {
                                        alert(thrownError + " " + xhr.statusText + " " + xhr.responseText);
                                    }
                                });
                            }
                        },
                        error: function(xhr, ajaxOptions, thrownError) {
                            alert(thrownError + " " + xhr.statusText + " " + xhr.responseText);
                        }
                    });
                }
            });
             <?php endif;?>
            //
            ]]></add>
        </operation>
    </file>
    <file path="catalog/controller/common/footer.php">
        <operation error="skip">
            <search><![CDATA[$data['newsletter'] = $this->url->link('account/newsletter']]></search>
            <add position="after"><![CDATA[
            $data['yoomoney_kassa_show_in_footer'] = $this->config->get('yoomoney_kassa_enabled') && $this->config->get('yoomoney_kassa_show_in_footer');
            $data['yoomoney_product_info_url'] = 'index.php?route='.(version_compare(VERSION, "2.3.0", '>=')?"extension/":"").'payment/yoomoney/productInfo';
            ]]></add>
        </operation>
    </file>
    <file path="catalog/view/theme/*/template/common/success.tpl">
        <operation>
            <search position="replace"><![CDATA[<?php echo $footer; ?>]]></search>
            <add><![CDATA[
            <?php if (isset($script_order)) { echo $script_order; } ?>
            <?php echo $footer; ?>
            ]]></add>
        </operation>
    </file>
    <file path="catalog/view/theme/*/template/common/footer.tpl">
        <operation>
            <search><![CDATA[<p><?php echo $powered; ?></p>]]></search>
            <add position="after"><![CDATA[
            <?php if ($yoomoney_kassa_show_in_footer) : ?>
            <p><a href="https://yookassa.ru/?_openstat=promo;merchants;opencart2">Работает ЮKassa</a></p>
            <?php endif; ?>
            ]]></add>
        </operation>
    </file>
    <file path="admin/view/template/sale/order_info.tpl">
        <operation>
            <search><![CDATA[$('.alert').remove();]]></search>
            <add><![CDATA[ ]]></add>
        </operation>
        <operation>
            <search><![CDATA[$('#button-history').on('click', function() {]]></search>
            <add position="after">

            </add>
        </operation>
    </file>
    <!-- Проброс конфига в шаблон header -->
    <file path="catalog/controller/common/header.php" error="skip">
        <operation>
            <search><![CDATA[$data['cart'] = $this->load->controller('common/cart');]]></search>
            <add position="after"><![CDATA[
                $data['config'] = $this->config;
            ]]></add>
        </operation>
    </file>
    <!-- Вставка скрипта кнопки "Заплатить по частям" -->
    <file path="catalog/view/theme/*/template/common/header.tpl" error="skip">
        <operation>
            <search><![CDATA[</head>]]></search>
            <add position="before"><![CDATA[
                <?php if (!empty($config) && $config->get('yoomoney_kassa_enabled') && ($config->get('yoomoney_kassa_use_installments_button') or $config->get('yoomoney_kassa_add_installments_block'))): ?>
                <script src="https://static.yoomoney.ru/checkout-credit-ui/v1/index.js"></script>
                <?php endif ?>
            ]]></add>
        </operation>
    </file>
    <!-- Получение данных для виджета "Заплатить по частям" -->
    <file path="catalog/controller/product/product.php" error="skip">
        <operation>
            <search trim="true"><![CDATA[if ($product_info) {]]></search>
            <add position="after"><![CDATA[
                $showInstallmentsBlock = $this->config->get('yoomoney_kassa_enabled')
                    && $this->config->get('yoomoney_kassa_add_installments_block');

                $data['yoomoney_showInstallmentsBlock'] = $showInstallmentsBlock;
                $data['yoomoney_shop_id'] = $this->config->get('yoomoney_kassa_shop_id');
                $data['yoomoney_language_code'] = $this->language->get('code');

            ]]></add>
        </operation>
        <operation>
            <search trim="true">
                <![CDATA[$data['price'] = $this->currency->format($this->tax->calculate($product_info['price'], $product_info['tax_class_id'], $this->config->get('config_tax')), $this->session->data['currency']);]]></search>
            <add position="after"><![CDATA[
                $cost = $this->tax->calculate($product_info['price'], $product_info['tax_class_id'], $this->config->get('config_tax'));
                if ($this->currency->has('RUB')) {
                    $data['cost'] = sprintf('%.2f', $this->currency->format($cost, 'RUB', '', false));
                } else {
                    $prefix = (version_compare(VERSION, "2.3.0", '>=')) ? 'extension/' : '';
                    $this->load->model($prefix.'payment/yoomoney');
                    $data['cost'] = $this->{'model_'.str_replace('/', '_', $prefix).'payment_yoomoney'}->convertFromCbrf(array('total' => $cost), 'RUB');
                }
                $data['yoomoney_showInstallmentsBlock'] = $data['yoomoney_showInstallmentsBlock'] && ($data['cost'] >= 3000);
            ]]></add>
        </operation>
    </file>

    <file path="catalog/view/theme/*/template/product/product.tpl" error="skip">
        <operation error="skip" info="Product installments">
            <search><![CDATA[<?php if ($options) { ?>]]></search>
            <add position="before"><![CDATA[
                <?php if($yoomoney_showInstallmentsBlock): ?>
                    <ul class="list-unstyled"><li class="installments-info"></li></ul>
                <?php endif; ?>
            ]]></add>
        </operation>
        <operation error="skip" info="Product footer">
            <search><![CDATA[<?php echo $footer; ?>]]></search>
            <add position="before"><![CDATA[
                <script type="text/javascript"><!--
                    <?php if($yoomoney_showInstallmentsBlock): ?>
                        if (typeof CheckoutCreditUI !== "undefined") {
                            const yoomoneyCheckoutCreditUI = CheckoutCreditUI({
                                shopId: '<?= $yoomoney_shop_id;?>',
                                sum: '<?= $cost;?>',
                                language: '<?= $yoomoney_language_code;?>'
                            });
                            const yoomoneyCheckoutCreditButton = yoomoneyCheckoutCreditUI({
                                type: 'info',
                                domSelector: '.installments-info'
                            });
                        }
                    <?php endif; ?>

                //--></script>
            ]]></add>
        </operation>
    </file>

    <file path="catalog/model/checkout/order.php">
        <operation>
            <search><![CDATA[// If old order status is the processing or complete status but new status is not then commence restock, and remove coupon, voucher and reward history]]></search>
            <add position="before"><![CDATA[
                $prefix = (version_compare(VERSION, '2.3.0', '>=')) ? 'extension/' : '';
                $this->load->model($prefix.'payment/yoomoney');

                if ($prefix === '') {
                    $model = $this->model_payment_yoomoney;
                } else {
                    $model = $this->model_extension_payment_yoomoney;
                }

                $model->hookOrderStatusChange($order_id, $order_status_id);
            ]]></add>
        </operation>
    </file>
</modification>