<?xml version="1.0" encoding="UTF-8"?>
<modification>
    <name>Y.CMS 2.0 for Opencart 2.0.x - 2.3.x</name>
    <code>ycms.2.0</code>
    <version>1.8.0</version>
    <author>Yandex.Money</author>
    <!-- Вставка кнопки в историю заказов-->
    <file path="catalog/controller/account/order.php">
        <operation>
            <search><![CDATA[// History]]></search>
            <add position="before"><![CDATA[
            $prefix = (version_compare(VERSION, '2.3.0', '>=')) ? 'extension/' : '';
            $this->language->load($prefix . 'payment/yandex_money');
            if ($order_info['payment_method'] == $this->language->get('kassa_title') || $order_info['payment_method'] == $this->language->get('p2p_title')) {
               $this->session->data['order_id'] = $this->request->get['order_id'];
               $data['yandex_money'] = $this->load->controller($prefix . "payment/yandex_money");
            }]]></add>
        </operation>
    </file>
    <file path="catalog/view/theme/*/template/account/order_info.tpl">
        <operation>
            <search><![CDATA[</tfoot>]]></search>
            <add position="before"><![CDATA[<?php if (isset($yandex_money)) {?><tr>
            <td colspan="<?php if ($products) {echo "6";} else {echo "5";} ?>">
               <?php echo $yandex_money; ?>
            </td></tr><?php } ?>]]></add>
        </operation>
    </file>
    <!-- загружаем вместе с заказами код способа оплаты -->
    <file path="admin/model/sale/order.php">
        <operation>
            <search regex="true"><![CDATA[/\$query\s=\s\$this->db->query\(\$sql\);\s+return\s\$query->rows;/]]></search>
            <add><![CDATA[
        $query = $this->db->query($sql);

        $result = array();
        $orderIds = array();
        foreach ($query->rows as $record) {
            if ($record['payment_code'] === 'yandex_money') {
                $orderIds[] = $record['order_id'];
            }
            $result[$record['order_id']] = $record;
        }
        if (!empty($orderIds)) {
            $sql = 'SELECT `order_id`, `payment_id`, `status` FROM `' . DB_PREFIX . 'ya_money_payment` WHERE `order_id` IN (' . implode(',', $orderIds) . ')';
            $recordSet = $this->db->query($sql);
            foreach ($recordSet->rows as $record) {
                $result[$record['order_id']]['yandex_money_payment_id'] = $record['payment_id'];
                $result[$record['order_id']]['yandex_money_payment_status'] = $record['status'];
            }
            $sql = 'SELECT `order_id`, `refund_id`, `status`, `amount` FROM `' . DB_PREFIX . 'ya_money_refunds` WHERE `order_id` IN (' . implode(',', $orderIds) . ') AND `status` <> \'canceled\'';
            $recordSet = $this->db->query($sql);
            foreach ($recordSet->rows as $record) {
                if (!isset($result[$record['order_id']]['refund_amount'])) {
                    $result[$record['order_id']]['refund_amount'] = 0;
                }
                $result[$record['order_id']]['refund_amount'] += $record['amount'];
            }
        }

        return array_values($result);
            ]]></add>
        </operation>
        <operation>
            <search regex="true"><![CDATA[~o.date_added, o.date_modified FROM~]]></search>
            <add><![CDATA[o.date_added, o.date_modified, o.payment_code, o.email, o.order_status_id FROM]]></add>
        </operation>
    </file>
    <file path="admin/language/{english,russian,en-gb,ru-ru}/sale/order.php">
        <operation>
            <search regex="true"><![CDATA[~(\$_\[\'text_add\'\])~]]></search>
            <add><![CDATA[
                $_['button_invoice_kassa'] = 'Выставление счета';
                $_['text_add']
            ]]></add>
        </operation>
    </file>
    <file path="system/library/mail.php">
        <operation>
            <search><![CDATA[basename(urlencode($attachment))]]></search>
            <add><![CDATA[urlencode(basename($attachment))]]></add>
        </operation>
    </file>
    <!-- -->
    <file path="admin/controller/sale/order.php">
        <operation>
            <search><![CDATA[$results = $this->model_sale_order->getOrders($filter_data);]]></search>
            <add position="after">
                $prefix = (version_compare(VERSION, '2.3.0', '>=')) ? 'extension/' : '';
            </add>
        </operation>
        <operation>
            <search><![CDATA['shipping_code' => $result['shipping_code'],]]></search>
            <add position="after"><![CDATA[
                'payment_code'   => $this->config->get('yandex_money_kassa_enabled') && $this->config->get('yandex_money_kassa_invoice') ? $result['payment_code'] : '',
                'payment_status' => (isset($result['yandex_money_payment_status']) ? $result['yandex_money_payment_status'] : ''),
                'email'          => (isset($result['email']) && $this->config->get('yandex_money_kassa_enabled')) ? $result['email'] : '',
                'refund_amount'  => (isset($result['refund_amount']) ? $result['refund_amount'] : ''),
                'refund_url'     => (isset($result['payment_code']) && $result['payment_code'] == 'yandex_money') ? $this->url->link($prefix . 'payment/yandex_money/refund', 'order_id='.$result['order_id'].'&token='.$this->session->data['token'], true) : '',
                'capture_url'    => (isset($result['payment_code']) && $result['payment_code'] == 'yandex_money') ? $this->url->link($prefix . 'payment/yandex_money/capture', 'order_id='.$result['order_id'].'&token='.$this->session->data['token'], true) : '',
            ]]></add>
        </operation>
        <operation>
            <search><![CDATA[$data['button_add'] = $this->language->get('button_add');]]></search>
            <add position="after"><![CDATA[
                $data['yandex_money_kassa_enabled'] = $this->config->get('yandex_money_kassa_enabled');
                if ($this->config->get('yandex_money_kassa_enabled')) {
                    $data['button_invoice_kassa'] = $this->language->get('button_invoice_kassa');
                    $data['store_url'] = $this->request->server['HTTPS'] ? HTTPS_CATALOG : HTTP_CATALOG;
                    $data['prefix'] = $prefix;
                }
            ]]></add>
        </operation>
    </file>
    <file path="admin/view/template/sale/order_list.tpl">
        <operation>
            <search regex="true"><![CDATA[~(\<\/i\>\<\/)(button|a)(\>)(\<\/td\>)~]]></search>
            <add><![CDATA[$1$2$3
                <?php if (isset($order['payment_code']) && $order['payment_code'] == 'yandex_money') : ?>
                <a href="javascript://" data-toggle="tooltip" title="Отправить счёт на e-mail" class="btn btn-success invoice-button"
                    data-order_id="<?php echo $order['order_id']; ?>" data-customer="<?php echo $order['customer']; ?>" data-email="<?php echo $order['email']; ?>">
                    <i class="fa fa-envelope"></i>
                </a>
                <?php endif; ?>
                <?php if (isset($order['payment_status']) && $order['payment_status'] === 'succeeded') : ?>
                <a href="<?php echo $order['refund_url']; ?>" data-toggle="tooltip" title="Возвраты" class="btn btn-success">
                    <i class="fa fa-repeat"></i>
                </a>
                <?php endif; ?>
                <?php if (isset($order['payment_status']) && $order['payment_status'] === 'waiting_for_capture') : ?>
                <a href="<?php echo $order['capture_url']; ?>" data-toggle="tooltip" title="Подтверждение платежа" class="btn btn-success">
                    <i class="fa fa-check"></i>
                </a>
                <?php endif; ?>$4]]></add>
        </operation>
        <operation>
            <search><![CDATA[$('input[name^=\'selected\']:first').trigger('change');]]></search>
            <add position="after"><![CDATA[//
            <?php if($yandex_money_kassa_enabled):?>
            jQuery('.invoice-button').click(function(e) {
                var node = this;
                var text = 'Вы действительно хотите отправить счёт пользователю ' + node.dataset.customer + ' на адрес ' + node.dataset.email + '?';
                if (confirm(text)) {
                    jQuery.ajax({
                        url: '<?php echo $store_url; ?>admin/index.php?route=<?php echo $prefix;?>payment/yandex_money/sendmail&token=<?php echo $token; ?>&order_id=' + node.dataset.order_id,
                        dataType: 'json',
                        crossDomain: true,
                        beforeSend: function() {
                            jQuery(node).button('loading');
                        },
                        complete: function() {
                            jQuery(node).button('reset');
                        },
                        success: function(json_main) {
                            jQuery('.alert').remove();
                            if (json_main['error']) {
                                $('#content > .container-fluid').prepend('<div class="alert alert-danger"><i class="fa fa-exclamation-circle"></i> ' + json_main['error'] + ' <button type="button" class="close" data-dismiss="alert">&times;</button></div>');
                            }
                            if (json_main['success']) {
                                $('#content > .container-fluid').prepend('<div class="alert alert-success"><i class="fa fa-check-circle"></i> ' + json_main['success'] + ' <button type="button" class="close" data-dismiss="alert">&times;</button></div>');
                                var token = '';
                                $.ajax({
                                    url: '<?php echo $store_url; ?>index.php?route=api/login',
                                    type: 'post',
                                    data: 'key=<?php echo empty($api_key)?'':$api_key; ?>',
                                    dataType: 'json',
                                    crossDomain: true,
                                    success: function(json) {
                                        if (json['error']) {
                                            if (json['error']['key']) {
                                                $('#content > .container-fluid').prepend('<div class="alert alert-danger"><i class="fa fa-exclamation-circle"></i> ' + json['error']['key'] + ' <button type="button" class="close" data-dismiss="alert">&times;</button></div>');
                                            }
                                            if (json['error']['ip']) {
                                                $('#content > .container-fluid').prepend('<div class="alert alert-danger"><i class="fa fa-exclamation-circle"></i> ' + json['error']['ip'] + ' <button type="button" id="button-ip-add" data-loading-text="<?php echo $text_loading; ?>" class="btn btn-danger btn-xs pull-right"><i class="fa fa-plus"></i> <?php echo $button_ip_add; ?></button></div>');
                                            }
                                        }
                                        if (json['token']) {
                                            token = json['token'];
                                            $.ajax({
                                                url: '<?php echo $store_url; ?>index.php?route=api/order/history&token='+ token +'&order_id=' + $(node).val(),
                                                type: 'post',
                                                data: 'order_status_id=1&notify=0&override=0&append=0&comment='+json_main['success'],
                                                dataType: 'json',
                                                error: function(xhr, ajaxOptions, thrownError) {
                                                    alert(thrownError + " " + xhr.statusText + " " + xhr.responseText);
                                                }
                                            });
                                        }
                                    },
                                    error: function(xhr, ajaxOptions, thrownError) {
                                        alert(thrownError + " " + xhr.statusText + " " + xhr.responseText);
                                    }
                                });
                            }
                        },
                        error: function(xhr, ajaxOptions, thrownError) {
                            alert(thrownError + " " + xhr.statusText + " " + xhr.responseText);
                        }
                    });
                }
            });
             <?php endif;?>
            //
            ]]></add>
        </operation>
    </file>
    <file path="catalog/controller/common/footer.php">
        <operation error="skip">
            <search><![CDATA[$data['newsletter'] = $this->url->link('account/newsletter']]></search>
            <add position="after"><![CDATA[$data['yandex_metrika'] = $this->config->get('yandex_money_metrika_code') ? html_entity_decode($this->config->get('yandex_money_metrika_code'), ENT_QUOTES, 'UTF-8') : '';
            $data['yandex_money_metrika_active'] = $this->config->get('yandex_money_metrika_active') ? true : false;
            $data['yandex_money_kassa_show_in_footer'] = $this->config->get('yandex_money_kassa_enabled') && $this->config->get('yandex_money_kassa_show_in_footer');
            $data['yandex_money_product_info_url'] = 'index.php?route='.(version_compare(VERSION, "2.3.0", '>=')?"extension/":"").'payment/yandex_money/productInfo';
            ]]></add>
        </operation>
    </file>
    <file path="catalog/controller/checkout/success.php">
        <operation>
            <search><![CDATA[if (isset($this->session->data['order_id'])) {]]></search>
            <add position="after"><![CDATA[
                $prefix = (version_compare(VERSION, "2.3.0", '>='))?"extension/":"";
                $this->load->model($prefix.'payment/yandex_money');
                $data['script_order'] = $this->{'model_'.str_replace("/", "_", $prefix).'payment_yandex_money'}->getMetricsJavaScript($this->session->data['order_id']);
            ]]></add>
        </operation>
    </file>
    <file path="catalog/view/theme/*/template/common/success.tpl">
        <operation>
            <search position="replace"><![CDATA[<?php echo $footer; ?>]]></search>
            <add><![CDATA[
            <?php if (isset($script_order)) { echo $script_order; } ?>
            <?php echo $footer; ?>
            ]]></add>
        </operation>
    </file>
    <file path="catalog/view/theme/*/template/common/footer.tpl">
        <operation>
            <search><![CDATA[<footer]]></search>
            <add position="before"><![CDATA[
            <?php if (isset($yandex_money_metrika_active) && $yandex_money_metrika_active){ ?>
                <?php echo $yandex_metrika; ?>
                <script type="text/javascript">
                    window.dataLayer = window.dataLayer || [];
                    function sendEcommerceAdd(id, quantity) {
                       $.ajax({
                            url: "<?= $yandex_money_product_info_url; ?>",
                            type: 'post',
                            data: 'id=' + id,
                            dataType: 'json',
                            success: function(json) {
                                json.quantity = quantity;
                                dataLayer.push({ecommerce: {add: {products: [json]}}});
                            }
                        });
                    }
                    $(window).on("load", function () {
                        var opencartCartAdd = cart.add;
                        cart.add = function (product_id, quantity) {
                            opencartCartAdd(product_id, quantity);
                            sendEcommerceAdd(product_id, typeof(quantity) !== 'undefined' ? parseInt(quantity) : 1);
                        };
                        $('#button-cart').on('click', function() {
                            sendEcommerceAdd($('#product input[name="product_id"]').val(), parseInt($('#product input[name="quantity"]').val()));
                        });
                    });
                </script>
            <?php } ?>]]></add>
        </operation>
        <operation>
            <search><![CDATA[<p><?php echo $powered; ?></p>]]></search>
            <add position="after"><![CDATA[
            <?php if ($yandex_money_kassa_show_in_footer) : ?>
            <p><a href="https://kassa.yandex.ru/?_openstat=promo;merchants;opencart2">Работает Яндекс.Касса</a></p>
            <?php endif; ?>
            ]]></add>
        </operation>
    </file>
    <file path="admin/view/template/sale/order_info.tpl">
        <operation>
            <search><![CDATA[$('.alert').remove();]]></search>
            <add><![CDATA[ ]]></add>
        </operation>
        <operation>
            <search><![CDATA[$('#button-history').on('click', function() {]]></search>
            <add position="after">

            </add>
        </operation>
    </file>
    <!-- Проброс конфига в шаблон header -->
    <file path="catalog/controller/common/header.php" error="skip">
        <operation>
            <search><![CDATA[$data['cart'] = $this->load->controller('common/cart');]]></search>
            <add position="after"><![CDATA[
                $data['config'] = $this->config;
            ]]></add>
        </operation>
    </file>
    <!-- Вставка скрипта кнопки "Заплатить по частям" -->
    <file path="catalog/view/theme/*/template/common/header.tpl" error="skip">
        <operation>
            <search><![CDATA[</head>]]></search>
            <add position="before"><![CDATA[
                <?php if (!empty($config) && $config->get('yandex_money_kassa_enabled') && ($config->get('yandex_money_kassa_use_installments_button') or $config->get('yandex_money_kassa_add_installments_block'))): ?>
                <script src="https://static.yandex.net/kassa/pay-in-parts/ui/v1/"></script>
                <?php endif ?>
            ]]></add>
        </operation>
    </file>
    <!-- Получение данных для виджета "Заплатить по частям" -->
    <file path="catalog/controller/product/product.php" error="skip">
        <operation>
            <search trim="true"><![CDATA[if ($product_info) {]]></search>
            <add position="after"><![CDATA[
                $showInstallmentsBlock = $this->config->get('yandex_money_kassa_enabled')
                    && $this->config->get('yandex_money_kassa_add_installments_block');

                $data['yamoney_showInstallmentsBlock'] = $showInstallmentsBlock;
                $data['yamoney_shop_id'] = $this->config->get('yandex_money_kassa_shop_id');
                $data['yamoney_language_code'] = $this->language->get('code');

                $data['ymm_option']['color_enabled'] = $this->config->get('yandex_money_market_option_color_enabled');
                $data['ymm_option']['size_enabled'] = $this->config->get('yandex_money_market_option_size_enabled');
                $color_option = $this->config->get('yandex_money_market_option_color_option_id');
                $data['ymm_option']['color'] = !empty($color_option) ? $color_option : '-';
                $size_option = $this->config->get('yandex_money_market_option_size_option_id');
                $data['ymm_option']['size'] = !empty($size_option) ? $size_option : '-';
            ]]></add>
        </operation>
        <operation>
            <search trim="true">
                <![CDATA[$data['price'] = $this->currency->format($this->tax->calculate($product_info['price'], $product_info['tax_class_id'], $this->config->get('config_tax')), $this->session->data['currency']);]]></search>
            <add position="after"><![CDATA[
                $cost = $this->tax->calculate($product_info['price'], $product_info['tax_class_id'], $this->config->get('config_tax'));
                if ($this->currency->has('RUB')) {
                    $data['cost'] = sprintf('%.2f', $this->currency->format($cost, 'RUB', '', false));
                } else {
                    $prefix = (version_compare(VERSION, "2.3.0", '>=')) ? 'extension/' : '';
                    $this->load->model($prefix.'payment/yandex_money');
                    $data['cost'] = $this->{'model_'.str_replace('/', '_', $prefix).'payment_yandex_money'}->convertFromCbrf(array('total' => $cost), 'RUB');
                }
            ]]></add>
        </operation>
    </file>

    <file path="catalog/view/theme/*/template/product/product.tpl" error="skip">
        <operation error="skip" info="Product installments">
            <search><![CDATA[<?php if ($options) { ?>]]></search>
            <add position="before"><![CDATA[
                <?php if($yamoney_showInstallmentsBlock): ?>
                    <ul class="list-unstyled"><li class="installments-info"></li></ul>
                <?php endif; ?>
            ]]></add>
        </operation>
        <operation error="skip" info="Product footer">
            <search><![CDATA[<?php echo $footer; ?>]]></search>
            <add position="before"><![CDATA[
                <script type="text/javascript"><!--
                    <?php if($yamoney_showInstallmentsBlock): ?>
                        if (typeof YandexCheckoutCreditUI !== "undefined") {
                            const yamoneyCheckoutCreditUI = YandexCheckoutCreditUI({
                                shopId: '<?= $yamoney_shop_id;?>',
                                sum: '<?= $cost;?>',
                                language: '<?= $yamoney_language_code;?>'
                            });
                            const yamoneyCheckoutCreditButton = yamoneyCheckoutCreditUI({
                                type: 'info',
                                domSelector: '.installments-info'
                            });
                        }
                    <?php endif; ?>
                    $(window).on("load", function () {
                        window.dataLayer = window.dataLayer || [];
                        dataLayer.push({ecommerce: {detail: {products: [{
                            id: "<?= $product_id; ?>",
                            name: "<?= $heading_title; ?>",
                            price: parseFloat('0'+'<?= strip_tags ($price) ?: 0; ?>'),
                            brand: "<?= $manufacturer; ?>",
                            variant: "<?= $model; ?>"
                        }]}}});
                    });
                //--></script>
            ]]></add>
        </operation>
        <operation error="skip" info="Product select[data-option]">
            <search position="replace"><![CDATA[<select name="option[<?php echo $option['product_option_id']; ?>]" id="input-option<?php echo $option['product_option_id']; ?>" class="form-control">]]></search>
            <add><![CDATA[<select name="option[<?php echo $option['product_option_id']; ?>]" id="input-option<?php echo $option['product_option_id']; ?>" data-option="<?php echo $option['option_id']; ?>" class="form-control">]]></add>
        </operation>
        <operation error="skip" info="Product div[data-option]">
            <search position="replace"><![CDATA[<div id="input-option<?php echo $option['product_option_id']; ?>">]]></search>
            <add><![CDATA[<div id="input-option<?php echo $option['product_option_id']; ?>" data-option="<?php echo $option['option_id']; ?>">]]></add>
        </operation>
        <operation error="skip" info="Product Color and Size">
            <search index="0"><![CDATA[$(document).ready(function() {]]></search>
            <add position="after"><![CDATA[
    var op = { color: '<?php echo $ymm_option['color']; ?>', size: '<?php echo $ymm_option['size']; ?>' };
    var h = location.hash.replace('#', '');
    var color_size = h.split('-');
    setTimeout(function(){
        $('[data-option="' + op.color + '"], ' + '[data-option="' + op.size + '"]' ).each(function(i, input) {
            var tag = $(input).prop('tagName');
            $(color_size).each(function(j, el) {
                if (tag == 'SELECT') {
                    var opt = $(input).find('option[value="'+el+'"]');
                    if (opt.length) {
                        opt.attr('selected', 'true');
                        $(input).trigger('change');
                    }
                } else if (tag == 'DIV') {
                    var opt = $(input).find('input[value="'+el+'"]');
                    if (opt.length) {
                        opt.prop('checked', 'true');
                        $(opt).trigger('click');
                    }
                }
            });
        });
    }, 500);

            ]]></add>
        </operation>
    </file>

    <file path="catalog/model/checkout/order.php">
        <operation>
            <search><![CDATA[// If old order status is the processing or complete status but new status is not then commence restock, and remove coupon, voucher and reward history]]></search>
            <add position="before"><![CDATA[
                $prefix = (version_compare(VERSION, '2.3.0', '>=')) ? 'extension/' : '';
                $this->load->model($prefix.'payment/yandex_money');

                if ($prefix === '') {
                    $model = $this->model_payment_yandex_money;
                } else {
                    $model = $this->model_extension_payment_yandex_money;
                }

                $model->hookOrderStatusChange($order_id, $order_status_id);
            ]]></add>
        </operation>
    </file>
</modification>